domain,term,p_pos,p_neg,class
pets,bom,0.9700162074554296,0.0299837925445705,positive
pets,excelente,0.9962616822429906,0.0037383177570093,positive
pets,boa,0.9569471624266144,0.0430528375733855,positive
pets,ótimo,0.9928263988522238,0.0071736011477761,positive
pets,ótima,0.9907407407407408,0.0092592592592592,positive
pets,fácil,0.982078853046595,0.017921146953405,positive
pets,pequeno,0.8122605363984674,0.1877394636015325,positive
pets,resistente,0.9333333333333332,0.0666666666666666,positive
pets,rápida,0.971291866028708,0.0287081339712918,positive
pets,rápido,0.9783549783549784,0.0216450216450216,positive
pets,melhor,0.9307228915662652,0.0692771084337349,positive
pets,grande,0.8985507246376812,0.1014492753623188,positive
pets,maior,0.8840579710144928,0.1159420289855072,positive
pets,forte,0.7980769230769231,0.2019230769230769,positive
pets,pequena,0.7807017543859649,0.219298245614035,positive
pets,perfeito,0.9858156028368794,0.0141843971631205,positive
pets,confortável,0.9885057471264368,0.0114942528735632,positive
pets,prático,0.9325842696629212,0.0674157303370786,positive
pets,médio,0.8715596330275229,0.128440366972477,positive
pets,cheiroso,1.0,0.0,positive
pets,embalado,0.9130434782608696,0.0869565217391304,positive
pets,menor,0.725,0.275,positive
pets,bonito,0.9195402298850576,0.0804597701149425,positive
pets,mesmo,0.7738095238095238,0.2261904761904762,positive
pets,primeiro,0.6825396825396826,0.3174603174603174,positive
pets,frágil,0.4615384615384616,0.5384615384615384,negative
pets,otimo,0.9861111111111112,0.0138888888888888,positive
pets,fino,0.7166666666666667,0.2833333333333333,positive
pets,difícil,0.7090909090909091,0.2909090909090909,positive
pets,certo,0.9848484848484848,0.0151515151515151,positive
pets,macio,1.0,0.0,positive
pets,ideal,0.9577464788732394,0.0422535211267605,positive
pets,pequenos,0.8490566037735849,0.1509433962264151,positive
pets,ruim,0.425531914893617,0.5744680851063829,negative
pets,agradável,0.9230769230769232,0.0769230769230769,positive
pets,eficiente,0.9148936170212766,0.0851063829787234,positive
pets,maravilhoso,1.0,0.0,positive
pets,certinho,0.9818181818181818,0.0181818181818181,positive
pets,caro,0.8039215686274509,0.196078431372549,positive
pets,primeira,0.8846153846153846,0.1153846153846154,positive
pets,bonita,0.9791666666666666,0.0208333333333333,positive
pets,única,0.9,0.1,positive
pets,mesma,0.7894736842105263,0.2105263157894736,positive
pets,leve,0.903846153846154,0.0961538461538461,positive
pets,lindo,0.9830508474576272,0.0169491525423728,positive
pets,satisfeita,0.98,0.02,positive
pets,barato,0.9148936170212766,0.0851063829787234,positive
pets,único,1.0,0.0,positive
pets,grandes,0.8787878787878788,0.1212121212121212,positive
pets,satisfeito,1.0,0.0,positive
pets,linda,1.0,0.0,positive
pets,super,0.9655870445344128,0.034412955465587,positive
pets,diferente,0.5555555555555556,0.4444444444444444,positive
pets,alta,0.8358208955223879,0.1641791044776119,positive
pets,suave,0.96875,0.03125,positive
pets,útil,0.8947368421052632,0.1052631578947368,positive
pets,perfeita,1.0,0.0,positive
pets,pequenas,0.8888888888888888,0.1111111111111111,positive
pets,simples,0.8813559322033898,0.1186440677966101,positive
pets,alto,0.8571428571428571,0.1428571428571428,positive
pets,péssimo,0.032258064516129,0.967741935483871,negative
pets,saudável,1.0,0.0,positive
pets,otima,1.0,0.0,positive
pets,melhores,0.9090909090909092,0.0909090909090909,positive
pets,segura,0.8518518518518519,0.1481481481481481,positive
pets,durável,1.0,0.0,positive
pets,péssima,0.1481481481481481,0.8518518518518519,negative
pets,maiores,0.8571428571428571,0.1428571428571428,positive
pets,igual,0.945945945945946,0.054054054054054,positive
pets,tranquilo,1.0,0.0,positive
pets,premium,0.7714285714285715,0.2285714285714285,positive
pets,normal,0.7931034482758621,0.2068965517241379,positive
pets,duro,0.6181818181818182,0.3818181818181817,positive
pets,bonitinho,0.7826086956521741,0.217391304347826,positive
pets,maravilhosa,1.0,0.0,positive
pets,firme,0.8918918918918919,0.1081081081081081,positive
pets,eficaz,0.76,0.24,positive
pets,seca,0.9361702127659576,0.0638297872340425,positive
pets,limpa,0.9285714285714286,0.0714285714285714,positive
pets,fina,0.5609756097560976,0.4390243902439024,positive
pets,preciso,0.8888888888888888,0.1111111111111111,positive
pets,gostoso,0.9523809523809524,0.0476190476190476,positive
pets,rapido,1.0,0.0,positive
pets,justo,1.0,0.0,positive
pets,horrível,0.1111111111111111,0.8888888888888888,negative
pets,brilhoso,0.9642857142857144,0.0357142857142857,positive
pets,legal,0.9444444444444444,0.0555555555555555,positive
pets,inteiro,0.5,0.5,negative
pets,importante,1.0,0.0,positive
pets,fraco,0.625,0.375,positive
pets,facil,0.8629032258064516,0.1370967741935483,positive
pets,superior,0.7222222222222222,0.2777777777777778,positive
pets,macia,1.0,0.0,positive
pets,funcional,0.9166666666666666,0.0833333333333333,positive
pets,suja,0.6666666666666666,0.3333333333333333,positive
pets,higiênico,0.8947368421052632,0.1052631578947368,positive
pets,segundo,0.8275862068965517,0.1724137931034483,positive
pets,adulto,0.7419354838709677,0.2580645161290322,positive
pets,grátis,1.0,0.0,positive
pets,menores,0.9230769230769232,0.0769230769230769,positive
pets,cheio,0.7,0.3,positive
pets,baixa,0.65,0.35,positive
pets,firmes,0.8571428571428571,0.1428571428571428,positive
pets,custo,0.9915966386554622,0.0084033613445378,positive
pets,natural,0.9047619047619048,0.0952380952380952,positive
pets,espaçosa,0.9375,0.0625,positive
pets,acessível,1.0,0.0,positive
pets,pratico,1.0,0.0,positive
pets,razoável,0.875,0.125,positive
pets,ótimos,1.0,0.0,positive
pets,kkkk,0.851063829787234,0.1489361702127659,positive
pets,resistentes,1.0,0.0,positive
pets,top,1.0,0.0,positive
pets,palatável,0.9230769230769232,0.0769230769230769,positive
pets,feliz,0.5769230769230769,0.4230769230769231,positive
pets,negativo,0.8823529411764706,0.1176470588235294,positive
pets,segunda,0.9375,0.0625,positive
pets,interessante,0.8,0.2,positive
pets,macios,1.0,0.0,positive
pets,grosso,0.7692307692307693,0.2307692307692308,positive
pets,saudáveis,1.0,0.0,positive
pets,filhote,0.848,0.152,positive
pets,alemão,1.0,0.0,positive
pets,cheirosa,1.0,0.0,positive
pets,brilhante,1.0,0.0,positive
pets,limpo,0.875,0.125,positive
pets,mau,0.75,0.25,positive
pets,necessário,0.7058823529411765,0.2941176470588235,positive
pets,benefício,0.9932885906040269,0.0067114093959731,positive
pets,atrativo,0.8,0.2,positive
pets,sedoso,1.0,0.0,positive
pets,novo,0.8108108108108109,0.1891891891891892,positive
pets,fofo,1.0,0.0,positive
pets,bons,0.9090909090909092,0.0909090909090909,positive
pets,chato,0.9166666666666666,0.0833333333333333,positive
pets,seguro,1.0,0.0,positive
pets,baixo,0.7884615384615384,0.2115384615384615,positive
pets,prime,0.8205128205128205,0.1794871794871795,positive
pets,tzu,0.8852459016393442,0.1147540983606557,positive
pets,larga,0.6923076923076923,0.3076923076923077,positive
pets,adultos,0.6923076923076923,0.3076923076923077,positive
pets,claro,0.8666666666666667,0.1333333333333333,positive
pets,incrível,1.0,0.0,positive
pets,meio,0.9444444444444444,0.0555555555555555,positive
pets,grossa,0.9285714285714286,0.0714285714285714,positive
pets,feito,0.8970099667774086,0.1029900332225913,positive
pets,rapida,0.9210526315789472,0.0789473684210526,positive
pets,certa,0.9310344827586208,0.0689655172413793,positive
pets,bonitinha,1.0,0.0,positive
pets,enorme,0.7692307692307693,0.2307692307692308,positive
pets,anti,0.9205298013245032,0.0794701986754966,positive
pets,fixa,0.7222222222222222,0.2777777777777778,positive
pets,correto,0.8181818181818182,0.1818181818181818,positive
pets,cheirosos,1.0,0.0,positive
pets,absorvente,0.7777777777777778,0.2222222222222222,positive
pets,kkkkk,0.8095238095238095,0.1904761904761904,positive
pets,boas,0.9090909090909092,0.0909090909090909,positive
pets,inteira,0.8181818181818182,0.1818181818181818,positive
pets,mini,0.7368421052631579,0.2631578947368421,positive
pets,azul,0.9,0.1,positive
pets,biodegradável,1.0,0.0,positive
pets,impecável,1.0,0.0,positive
pets,inferior,0.6666666666666666,0.3333333333333333,positive
pets,diferentes,0.9230769230769232,0.0769230769230769,positive
pets,frágeis,0.8888888888888888,0.1111111111111111,positive
pets,possível,0.6875,0.3125,positive
pets,acabado,0.8181818181818182,0.1818181818181818,positive
pets,branquinho,1.0,0.0,positive
pets,excepcional,1.0,0.0,positive
pets,fininho,0.5454545454545454,0.4545454545454545,positive
pets,bacana,0.8888888888888888,0.1111111111111111,positive
pets,favorito,1.0,0.0,positive
pets,nova,0.967741935483871,0.032258064516129,positive
pets,quente,0.8571428571428571,0.1428571428571428,positive
pets,dura,0.8873239436619719,0.1126760563380281,positive
pets,quentinho,1.0,0.0,positive
pets,silencioso,0.8571428571428571,0.1428571428571428,positive
pets,fraca,0.625,0.375,positive
pets,perfeitas,1.0,0.0,positive
pets,plástico,0.7323943661971831,0.2676056338028169,positive
pets,descartável,0.875,0.125,positive
pets,longo,0.9285714285714286,0.0714285714285714,positive
pets,mal,0.6942675159235668,0.3057324840764331,positive
pets,suficiente,0.96,0.04,positive
pets,original,0.9090909090909092,0.0909090909090909,positive
pets,nutritiva,1.0,0.0,positive
pets,duradouro,1.0,0.0,positive
pets,adesiva,0.8571428571428571,0.1428571428571428,positive
pets,brilhantes,1.0,0.0,positive
pets,saborosa,1.0,0.0,positive
pets,comum,0.8571428571428571,0.1428571428571428,positive
pets,seguinte,0.9,0.1,positive
pets,perfeitos,1.0,0.0,positive
pets,longa,0.9,0.1,positive
pets,enganosa,0.0,1.0,negative
pets,barata,0.7272727272727273,0.2727272727272727,positive
pets,fofinho,1.0,0.0,positive
pets,espaçoso,1.0,0.0,positive
pets,artificiais,1.0,0.0,positive
pets,real,0.9205298013245032,0.0794701986754966,positive
pets,disponível,0.875,0.125,positive
pets,direto,0.9090909090909092,0.0909090909090909,positive
pets,absurdo,0.2857142857142857,0.7142857142857143,negative
pets,descartáveis,0.8888888888888888,0.1111111111111111,positive
pets,adequado,0.875,0.125,positive
pets,impossível,0.3333333333333333,0.6666666666666666,negative
pets,interna,0.75,0.25,positive
pets,seco,0.875,0.125,positive
pets,idosa,1.0,0.0,positive
pets,silenciosa,1.0,0.0,positive
pets,pior,0.1428571428571428,0.8571428571428571,negative
pets,sanitário,0.8888888888888888,0.1111111111111111,positive
pets,anterior,0.8,0.2,positive
pets,solto,0.7,0.3,positive
pets,curto,0.8333333333333334,0.1666666666666666,positive
pets,geral,0.9090909090909092,0.0909090909090909,positive
pets,curta,0.75,0.25,positive
pets,idosos,1.0,0.0,positive
pets,preto,0.8,0.2,positive
pets,fresca,1.0,0.0,positive
pets,completa,0.7586206896551724,0.2413793103448276,positive
pets,atencioso,1.0,0.0,positive
pets,lindas,1.0,0.0,positive
pets,interno,0.8333333333333334,0.1666666666666666,positive
pets,sustentável,0.8333333333333334,0.1666666666666666,positive
pets,fiscal,0.7142857142857143,0.2857142857142857,positive
pets,fofinha,1.0,0.0,positive
pets,prática,0.935483870967742,0.064516129032258,positive
pets,chata,1.0,0.0,positive
pets,raso,0.9473684210526316,0.0526315789473684,positive
pets,frango,1.0,0.0,positive
pets,satisfeitos,1.0,0.0,positive
pets,impressionada,1.0,0.0,positive
pets,higiênica,0.875,0.125,positive
pets,terceira,0.8571428571428571,0.1428571428571428,positive
pets,gostosa,1.0,0.0,positive
pets,removível,0.8,0.2,positive
pets,estranho,0.9230769230769232,0.0769230769230769,positive
pets,física,0.8,0.2,positive
pets,acabada,1.0,0.0,positive
pets,mole,0.7333333333333333,0.2666666666666666,positive
pets,primeiras,0.75,0.25,positive
pets,meia,0.875,0.125,positive
pets,próxima,0.875,0.125,positive
pets,adulta,1.0,0.0,positive
pets,maleável,1.0,0.0,positive
pets,satisfatória,1.0,0.0,positive
pets,francês,0.7142857142857143,0.2857142857142857,positive
pets,específica,0.8571428571428571,0.1428571428571428,positive
pets,satisfatório,0.6,0.4,positive
pets,enjoativo,0.75,0.25,positive
pets,artificial,0.5,0.5,negative
pets,convencionais,1.0,0.0,positive
pets,turva,1.0,0.0,positive
pets,filhotes,0.8157894736842105,0.1842105263157894,positive
pets,bonitos,1.0,0.0,positive
pets,aceito,0.8666666666666667,0.1333333333333333,positive
pets,livre,1.0,0.0,positive
pets,ótimas,1.0,0.0,positive
pets,sensível,1.0,0.0,positive
pets,caros,1.0,0.0,positive
pets,antiga,1.0,0.0,positive
pets,dificil,1.0,0.0,positive
pets,médios,0.8888888888888888,0.1111111111111111,positive
pets,positivo,1.0,0.0,positive
pets,idêntico,1.0,0.0,positive
pets,branca,0.75,0.25,positive
pets,comuns,0.6666666666666666,0.3333333333333333,positive
pets,diária,1.0,0.0,positive
pets,tranquila,1.0,0.0,positive
pets,fresco,0.7142857142857143,0.2857142857142857,positive
pets,primeiros,1.0,0.0,positive
pets,principal,0.8372093023255814,0.1627906976744186,positive
pets,escrito,0.8387096774193549,0.1612903225806451,positive
pets,terceiro,0.8,0.2,positive
pets,peludo,0.9166666666666666,0.0833333333333333,positive
pets,vivas,1.0,0.0,positive
pets,duras,0.75,0.25,positive
pets,cheia,0.5714285714285714,0.4285714285714285,positive
pets,excelentes,1.0,0.0,positive
pets,correta,0.9,0.1,positive
pets,total,0.7941176470588235,0.2058823529411765,positive
pets,duros,1.0,0.0,positive
pets,felino,0.8333333333333334,0.1666666666666666,positive
pets,calma,1.0,0.0,positive
pets,ativo,0.8837209302325582,0.1162790697674418,positive
pets,exelente,1.0,0.0,positive
pets,automático,1.0,0.0,positive
pets,regular,0.9,0.1,positive
pets,gordinho,1.0,0.0,positive
pets,similar,0.7777777777777778,0.2222222222222222,positive
pets,fáceis,1.0,0.0,positive
pets,atraente,0.5,0.5,negative
pets,semelhante,1.0,0.0,positive
pets,enjoado,1.0,0.0,positive
pets,impermeável,1.0,0.0,positive
pets,impressionante,1.0,0.0,positive
pets,sensacional,1.0,0.0,positive
pets,famosas,1.0,0.0,positive
pets,adesivo,0.8275862068965517,0.1724137931034483,positive
pets,ergonômico,1.0,0.0,positive
pets,limpinho,1.0,0.0,positive
pets,consistente,1.0,0.0,positive
pets,destruidores,1.0,0.0,positive
pets,desnecessário,0.75,0.25,positive
pets,fininha,1.0,0.0,positive
pets,preferido,1.0,0.0,positive
pets,grandinha,1.0,0.0,positive
pets,plástica,0.75,0.25,positive
pets,último,0.5714285714285714,0.4285714285714285,positive
pets,positiva,1.0,0.0,positive
pets,obrigada,1.0,0.0,positive
pets,notável,1.0,0.0,positive
pets,pesado,1.0,0.0,positive
pets,oleosa,1.0,0.0,positive
pets,pequeninos,1.0,0.0,positive
pets,flexível,0.6666666666666666,0.3333333333333333,positive
pets,preta,0.8,0.2,positive
pets,físicas,1.0,0.0,positive
pets,sonoro,0.25,0.75,negative
pets,indispensável,1.0,0.0,positive
pets,adequada,1.0,0.0,positive
pets,quica,1.0,0.0,positive
pets,destruidor,1.0,0.0,positive
pets,vermelha,1.0,0.0,positive
pets,completo,0.8,0.2,positive
pets,escura,0.6,0.4,positive
pets,vermelho,0.6,0.4,positive
pets,minúsculo,0.1666666666666666,0.8333333333333334,negative
pets,largo,1.0,0.0,positive
pets,beneficio,1.0,0.0,positive
pets,nervosa,1.0,0.0,positive
pets,trabalhoso,0.6666666666666666,0.3333333333333333,positive
pets,laterais,0.7142857142857143,0.2857142857142857,positive
pets,líquido,0.4615384615384616,0.5384615384615384,negative
pets,pequenina,1.0,0.0,positive
pets,especial,0.8571428571428571,0.1428571428571428,positive
pets,atento,1.0,0.0,positive
pets,própria,1.0,0.0,positive
pets,alérgica,1.0,0.0,positive
pets,fofa,1.0,0.0,positive
pets,essencial,1.0,0.0,positive
pets,lacrado,0.8333333333333334,0.1666666666666666,positive
pets,livres,1.0,0.0,positive
pets,exigentes,1.0,0.0,positive
pets,antigo,1.0,0.0,positive
pets,desagradável,0.3333333333333333,0.6666666666666666,negative
pets,considerável,1.0,0.0,positive
pets,agressivo,1.0,0.0,positive
pets,fechado,0.7,0.3,positive
pets,idoso,1.0,0.0,positive
pets,fresquinha,1.0,0.0,positive
pets,agradavel,1.0,0.0,positive
pets,econômica,1.0,0.0,positive
pets,complicado,0.6666666666666666,0.3333333333333333,positive
pets,insuportável,0.5,0.5,negative
pets,mínima,0.0,1.0,negative
pets,externa,1.0,0.0,positive
pets,acostumados,1.0,0.0,positive
pets,quentinha,1.0,0.0,positive
pets,contente,1.0,0.0,positive
pets,rígido,1.0,0.0,positive
pets,ácida,0.75,0.25,positive
pets,próximo,0.8571428571428571,0.1428571428571428,positive
pets,normais,0.3333333333333333,0.6666666666666666,negative
pets,bonitas,1.0,0.0,positive
pets,grossinho,1.0,0.0,positive
pets,lento,0.5,0.5,negative
pets,externo,1.0,0.0,positive
pets,tóxico,0.8,0.2,positive
pets,vegano,1.0,0.0,positive
pets,rosa,0.8888888888888888,0.1111111111111111,positive
pets,altas,1.0,0.0,positive
pets,limpinha,1.0,0.0,positive
pets,cambacicas,0.6666666666666666,0.3333333333333333,positive
pets,média,0.9090909090909092,0.0909090909090909,positive
pets,grossas,0.6666666666666666,0.3333333333333333,positive
pets,aconchegante,1.0,0.0,positive
pets,irritante,0.6666666666666666,0.3333333333333333,positive
pets,extraordinário,1.0,0.0,positive
pets,apaixonado,1.0,0.0,positive
pets,competitivo,1.0,0.0,positive
pets,transgênico,0.8333333333333334,0.1666666666666666,positive
pets,colorida,1.0,0.0,positive
pets,afiado,1.0,0.0,positive
pets,maravilhosos,1.0,0.0,positive
pets,úteis,1.0,0.0,positive
pets,compacto,1.0,0.0,positive
pets,raro,1.0,0.0,positive
pets,pobre,1.0,0.0,positive
pets,última,1.0,0.0,positive
pets,sanitária,1.0,0.0,positive
pets,minúscula,1.0,0.0,positive
pets,mesmos,0.5,0.5,negative
pets,durinho,1.0,0.0,positive
pets,fantástico,1.0,0.0,positive
pets,apetitoso,1.0,0.0,positive
pets,aberta,0.7857142857142857,0.2142857142857142,positive
pets,triste,1.0,0.0,positive
pets,intacto,1.0,0.0,positive
pets,sequinha,1.0,0.0,positive
pets,calmo,1.0,0.0,positive
pets,instantânea,1.0,0.0,positive
pets,largas,0.0,1.0,negative
pets,extra,1.0,0.0,positive
pets,fortes,1.0,0.0,positive
pets,enormes,0.5,0.5,negative
pets,promocional,1.0,0.0,positive
pets,preocupado,0.6666666666666666,0.3333333333333333,positive
pets,deliciosa,1.0,0.0,positive
pets,apena,0.7468354430379747,0.2531645569620253,positive
pets,naturais,1.0,0.0,positive
pets,grudado,0.7777777777777778,0.2222222222222222,positive
pets,peludos,1.0,0.0,positive
pets,aprovado,1.0,0.0,positive
pets,secas,1.0,0.0,positive
pets,lavável,1.0,0.0,positive
pets,horrivel,0.0,1.0,negative
pets,doguinhos,1.0,0.0,positive
pets,negativa,1.0,0.0,positive
pets,aparente,0.95,0.05,positive
pets,renal,0.6666666666666666,0.3333333333333333,positive
pets,finos,1.0,0.0,positive
pets,contrário,0.7777777777777778,0.2222222222222222,positive
pets,demorado,0.5,0.5,negative
pets,veterinária,0.9583333333333334,0.0416666666666666,positive
pets,confortáveis,1.0,0.0,positive
pets,fedido,1.0,0.0,positive
pets,puro,1.0,0.0,positive
pets,maciça,1.0,0.0,positive
pets,branco,1.0,0.0,positive
pets,cremoso,1.0,0.0,positive
pets,gelatinoso,1.0,0.0,positive
pets,antipulgas,1.0,0.0,positive
pets,direito,0.1666666666666666,0.8333333333333334,negative
pets,verdadeiro,0.3333333333333333,0.6666666666666666,negative
pets,salgado,1.0,0.0,positive
pets,indestrutível,0.6666666666666666,0.3333333333333333,positive
pets,divertida,0.5,0.5,negative
pets,clara,0.8181818181818182,0.1818181818181818,positive
pets,perigoso,0.3333333333333333,0.6666666666666666,negative
pets,negativos,0.6666666666666666,0.3333333333333333,positive
pets,gordinha,1.0,0.0,positive
pets,econômico,1.0,0.0,positive
pets,intacta,1.0,0.0,positive
pets,pura,1.0,0.0,positive
pets,meus,0.9523809523809524,0.0476190476190476,positive
pets,hahahaha,0.8,0.2,positive
pets,final,0.6818181818181818,0.3181818181818182,positive
pets,delicioso,1.0,0.0,positive
pets,pronto,0.6666666666666666,0.3333333333333333,positive
pets,incomodado,0.75,0.25,positive
pets,presa,0.8333333333333334,0.1666666666666666,positive
pets,próximos,1.0,0.0,positive
pets,frio,1.0,0.0,positive
pets,salmão,1.0,0.0,positive
pets,transgênicos,1.0,0.0,positive
pets,preocupada,1.0,0.0,positive
pets,contínuo,1.0,0.0,positive
pets,embaixo,0.7058823529411765,0.2941176470588235,positive
pets,brilhosos,1.0,0.0,positive
pets,ciente,0.9333333333333332,0.0666666666666666,positive
pets,nutricional,1.0,0.0,positive
pets,últimos,0.6666666666666666,0.3333333333333333,positive
pets,rsrs,1.0,0.0,positive
pets,velho,0.75,0.25,positive
pets,antiformiga,1.0,0.0,positive
pets,reais,0.85,0.15,positive
pets,curtos,1.0,0.0,positive
pets,amazon,0.902439024390244,0.0975609756097561,positive
pets,pesada,1.0,0.0,positive
pets,ativa,0.9424460431654677,0.0575539568345323,positive
pets,protegida,1.0,0.0,positive
pets,obrigado,1.0,0.0,positive
pets,pesadinha,1.0,0.0,positive
pets,lindinho,1.0,0.0,positive
pets,significativa,1.0,0.0,positive
pets,sujo,1.0,0.0,positive
pets,limpos,1.0,0.0,positive
pets,aceitável,0.6666666666666666,0.3333333333333333,positive
pets,animal,0.7540983606557377,0.2459016393442623,positive
pets,guilhotina,0.5,0.5,negative
pets,similares,1.0,0.0,positive
pets,definitiva,0.3333333333333333,0.6666666666666666,negative
pets,plásticos,1.0,0.0,positive
pets,hahah,0.9375,0.0625,positive
pets,grandinho,1.0,0.0,positive
pets,exato,1.0,0.0,positive
pets,encaixado,1.0,0.0,positive
pets,chocada,1.0,0.0,positive
pets,grossos,1.0,0.0,positive
pets,pros,1.0,0.0,positive
pets,macias,1.0,0.0,positive
pets,material,0.8768656716417911,0.1231343283582089,positive
pets,úmida,1.0,0.0,positive
pets,frescos,0.5,0.5,negative
pets,recém,1.0,0.0,positive
pets,sintética,1.0,0.0,positive
pets,imediato,0.8333333333333334,0.1666666666666666,positive
pets,esquerda,0.6666666666666666,0.3333333333333333,positive
pets,lógico,0.6666666666666666,0.3333333333333333,positive
pets,confiável,1.0,0.0,positive
pets,fixo,0.5,0.5,negative
pets,quebrado,0.2777777777777778,0.7222222222222222,negative
pets,local,0.84,0.16,positive
pets,jovem,0.5,0.5,negative
pets,machos,1.0,0.0,positive
pets,terrível,1.0,0.0,positive
pets,soltos,0.9,0.1,positive
pets,côncavo,0.5,0.5,negative
pets,free,1.0,0.0,positive
pets,inútil,0.0,1.0,negative
pets,louco,1.0,0.0,positive
pets,perfumado,1.0,0.0,positive
pets,direitinho,0.9629629629629628,0.037037037037037,positive
pets,visível,1.0,0.0,positive
pets,basset,1.0,0.0,positive
pets,atual,1.0,0.0,positive
pets,vazio,0.25,0.75,negative
pets,scalibor,1.0,0.0,positive
pets,box,1.0,0.0,positive
pets,bruta,1.0,0.0,positive
pets,desconfortável,1.0,0.0,positive
pets,atrasado,0.75,0.25,positive
pets,felizes,1.0,0.0,positive
pets,compatível,1.0,0.0,positive
pets,crocante,1.0,0.0,positive
pets,inviável,1.0,0.0,positive
pets,favoritas,1.0,0.0,positive
pets,marcante,1.0,0.0,positive
pets,impecáveis,1.0,0.0,positive
pets,afiadas,1.0,0.0,positive
pets,folgado,0.5,0.5,negative
pets,baw,0.4,0.6,negative
pets,exigente,1.0,0.0,positive
pets,individuais,1.0,0.0,positive
pets,higienico,1.0,0.0,positive
pets,errado,0.5,0.5,negative
pets,cristalina,1.0,0.0,positive
pets,intactos,1.0,0.0,positive
pets,elevado,1.0,0.0,positive
pets,lindos,1.0,0.0,positive
pets,amarela,0.8,0.2,positive
pets,confusa,0.5,0.5,negative
pets,explicativo,1.0,0.0,positive
pets,moderno,1.0,0.0,positive
pets,possíveis,0.6666666666666666,0.3333333333333333,positive
pets,liquido,0.5,0.5,negative
pets,torta,0.5,0.5,negative
pets,duravel,1.0,0.0,positive
pets,horrorosa,0.0,1.0,negative
pets,fantástica,1.0,0.0,positive
pets,regulável,1.0,0.0,positive
pets,disponíveis,1.0,0.0,positive
pets,sozinha,0.6,0.4,positive
pets,lamentável,0.0,1.0,negative
pets,sequinho,1.0,0.0,positive
pets,apetitosos,1.0,0.0,positive
pets,vitamínico,1.0,0.0,positive
pets,seguintes,0.5,0.5,negative
pets,favorável,1.0,0.0,positive
pets,fiel,1.0,0.0,positive
pets,apertada,0.0,1.0,negative
pets,fechada,0.4,0.6,negative
pets,dentária,1.0,0.0,positive
pets,cheirosinho,1.0,0.0,positive
pets,grave,1.0,0.0,positive
pets,correspondente,0.0,1.0,negative
pets,central,1.0,0.0,positive
pets,diluído,0.5,0.5,negative
pets,balanceada,1.0,0.0,positive
pets,surpreendente,1.0,0.0,positive
pets,amooou,1.0,0.0,positive
pets,espetacular,1.0,0.0,positive
pets,chatos,1.0,0.0,positive
pets,assustada,1.0,0.0,positive
pets,pegueno,1.0,0.0,positive
pets,amei,0.975206611570248,0.024793388429752,positive
pets,ineficaz,0.0,1.0,negative
pets,doce,0.75,0.25,positive
pets,fofos,1.0,0.0,positive
pets,persa,0.75,0.25,positive
pets,pets,1.0,0.0,positive
pets,seguros,1.0,0.0,positive
pets,altíssima,1.0,0.0,positive
pets,pequenininha,0.5,0.5,negative
pets,transparente,1.0,0.0,positive
pets,mega,1.0,0.0,positive
pets,próprio,1.0,0.0,positive
pets,execelente,1.0,0.0,positive
pets,atóxico,1.0,0.0,positive
pets,protetora,1.0,0.0,positive
pets,variados,1.0,0.0,positive
pets,higiênicas,0.5,0.5,negative
pets,colateral,1.0,0.0,positive
pets,curioso,1.0,0.0,positive
pets,fedida,0.5,0.5,negative
pets,manchado,0.6666666666666666,0.3333333333333333,positive
pets,fresquinho,1.0,0.0,positive
pets,nutritivo,1.0,0.0,positive
pets,pinscher,1.0,0.0,positive
pets,óbvio,1.0,0.0,positive
pets,pet,0.8886756238003839,0.1113243761996161,positive
pets,tontas,1.0,0.0,positive
pets,slim,0.0,1.0,negative
pets,delicada,1.0,0.0,positive
pets,elegante,1.0,0.0,positive
pets,presente,0.8461538461538461,0.1538461538461538,positive
pets,agitada,1.0,0.0,positive
pets,antiderrapantes,1.0,0.0,positive
pets,maiorzinho,1.0,0.0,positive
pets,humano,0.6666666666666666,0.3333333333333333,positive
pets,demorada,0.5,0.5,negative
pets,economico,1.0,0.0,positive
pets,dental,1.0,0.0,positive
pets,conservada,1.0,0.0,positive
pets,comprido,1.0,0.0,positive
pets,ambiental,1.0,0.0,positive
pets,bomm,1.0,0.0,positive
pets,parecido,1.0,0.0,positive
pets,brancos,1.0,0.0,positive
pets,semelhantes,1.0,0.0,positive
pets,brancas,0.5,0.5,negative
pets,torto,0.6666666666666666,0.3333333333333333,positive
pets,incríveis,1.0,0.0,positive
pets,guloso,0.5,0.5,negative
pets,afiada,0.75,0.25,positive
pets,irresistível,1.0,0.0,positive
pets,rígida,1.0,0.0,positive
pets,baratos,0.5,0.5,negative
pets,vantajoso,1.0,0.0,positive
pets,específicas,1.0,0.0,positive
pets,liso,0.3333333333333333,0.6666666666666666,negative
pets,compensa,0.9130434782608696,0.0869565217391304,positive
pets,sérios,1.0,0.0,positive
pets,regulares,1.0,0.0,positive
pets,mediana,1.0,0.0,positive
pets,comportamental,0.5,0.5,negative
pets,intestinais,1.0,0.0,positive
pets,poderosa,1.0,0.0,positive
pets,garantida,1.0,0.0,positive
pets,chatinha,1.0,0.0,positive
pets,rápidos,1.0,0.0,positive
pets,sedosos,1.0,0.0,positive
pets,visíveis,0.5,0.5,negative
pets,decepcionado,0.3333333333333333,0.6666666666666666,negative
pets,interessado,1.0,0.0,positive
pets,crônica,1.0,0.0,positive
pets,passado,0.75,0.25,positive
pets,grudados,1.0,0.0,positive
pets,aderente,0.6666666666666666,0.3333333333333333,positive
pets,durinha,1.0,0.0,positive
pets,interior,0.7142857142857143,0.2857142857142857,positive
pets,dupla,1.0,0.0,positive
pets,fracas,1.0,0.0,positive
pets,extraordinária,1.0,0.0,positive
pets,novos,0.5,0.5,negative
pets,verde,0.5,0.5,negative
pets,viável,1.0,0.0,positive
pets,sólida,1.0,0.0,positive
pets,fininhos,0.0,1.0,negative
pets,danificado,0.8571428571428571,0.1428571428571428,positive
pets,característico,1.0,0.0,positive
pets,versátil,1.0,0.0,positive
pets,tradicional,1.0,0.0,positive
pets,oleoso,1.0,0.0,positive
pets,biodegradáveis,0.5,0.5,negative
pets,receosa,1.0,0.0,positive
pets,baratinho,0.5,0.5,negative
pets,afins,0.5,0.5,negative
pets,interativo,1.0,0.0,positive
pets,pequenininho,1.0,0.0,positive
pets,perceptível,1.0,0.0,positive
pets,áspero,0.5,0.5,negative
pets,úmido,1.0,0.0,positive
pets,deitado,1.0,0.0,positive
pets,vasa,0.6666666666666666,0.3333333333333333,positive
pets,quentes,1.0,0.0,positive
pets,hahaha,0.9230769230769232,0.0769230769230769,positive
pets,prejudicial,0.5,0.5,negative
pets,encorpado,1.0,0.0,positive
pets,duradoura,1.0,0.0,positive
pets,robusto,1.0,0.0,positive
pets,neutro,1.0,0.0,positive
pets,gordurosa,1.0,0.0,positive
pets,fundamental,1.0,0.0,positive
pets,parecidas,1.0,0.0,positive
pets,maus,1.0,0.0,positive
pets,agropecuárias,1.0,0.0,positive
pets,necessario,1.0,0.0,positive
pets,desoreocupado,1.0,0.0,positive
pets,fofas,1.0,0.0,positive
pets,ilegível,1.0,0.0,positive
pets,eventual,1.0,0.0,positive
pets,milagreiro,1.0,0.0,positive
pets,ofegante(s,1.0,0.0,positive
pets,compra,0.8560975609756097,0.1439024390243902,positive
pets,branquinhos,1.0,0.0,positive
pets,protegido,0.5,0.5,negative
pets,enjoadinho,1.0,0.0,positive
pets,errada,0.3333333333333333,0.6666666666666666,negative
pets,acabou.ja,1.0,0.0,positive
pets,inclinadinho,1.0,0.0,positive
pets,amiga,0.8,0.2,positive
pets,gordo,1.0,0.0,positive
pets,bravecto,1.0,0.0,positive
pets,difíceis,1.0,0.0,positive
pets,medias,1.0,0.0,positive
pets,trangenicos,0.0,1.0,negative
pets,animado,1.0,0.0,positive
pets,adultas,1.0,0.0,positive
pets,muscular,1.0,0.0,positive
pets,anjinha,1.0,0.0,positive
pets,fedorentas,1.0,0.0,positive
pets,violado(veio,0.0,1.0,negative
pets,inconsciente,1.0,0.0,positive
pets,mediano,1.0,0.0,positive
pets,mesm,0.7766323024054983,0.2233676975945017,positive
pets,amolecidas,0.0,1.0,negative
pets,intenso,1.0,0.0,positive
pets,mensal,1.0,0.0,positive
pets,nervoso,1.0,0.0,positive
pets,efetiva,1.0,0.0,positive
pets,molengo,0.0,1.0,negative
pets,máxima,1.0,0.0,positive
pets,rústicos,0.0,1.0,negative
pets,íntegro,1.0,0.0,positive
pets,loucos,1.0,0.0,positive
pets,recomento,0.5,0.5,negative
pets,anunciado,0.631578947368421,0.3684210526315789,positive
pets,bruto,1.0,0.0,positive
pets,record,1.0,0.0,positive
pets,sinônimo,1.0,0.0,positive
pets,amolado,1.0,0.0,positive
pets,sólidos,1.0,0.0,positive
pets,anti-formiga,1.0,0.0,positive
pets,calórico,1.0,0.0,positive
pets,arraso,1.0,0.0,positive
pets,entretidos,1.0,0.0,positive
pets,pug,0.8333333333333334,0.1666666666666666,positive
pets,direta,1.0,0.0,positive
pets,bonitinhos,1.0,0.0,positive
pets,trabalhosa,1.0,0.0,positive
pets,média-firme,1.0,0.0,positive
pets,lebiste,1.0,0.0,positive
pets,parecida,0.8,0.2,positive
pets,medio,1.0,0.0,positive
pets,blogueira,0.0,1.0,negative
pets,avulsos,1.0,0.0,positive
pets,minibeats,1.0,0.0,positive
pets,bolado,1.0,0.0,positive
pets,felpudos,1.0,0.0,positive
pets,previsível,1.0,0.0,positive
pets,formidável,1.0,0.0,positive
pets,selado,1.0,0.0,positive
pets,higienica,1.0,0.0,positive
pets,dnv,0.0,1.0,negative
pets,roxa,1.0,0.0,positive
pets,lacrimejar,1.0,0.0,positive
pets,pequeno-médio,0.0,1.0,negative
pets,eventuais,1.0,0.0,positive
pets,exposto,1.0,0.0,positive
pets,gastrointestinal,1.0,0.0,positive
pets,atópico,1.0,0.0,positive
pets,fofinhos,1.0,0.0,positive
pets,dados,0.7777777777777778,0.2222222222222222,positive
pets,madeira,0.9743589743589745,0.0256410256410256,positive
pets,tamano,1.0,0.0,positive
pets,compugs,1.0,0.0,positive
pets,pancreatite,1.0,0.0,positive
pets,uniforme,1.0,0.0,positive
pets,insuficiente,0.0,1.0,negative
pets,gradual,1.0,0.0,positive
pets,levinha,1.0,0.0,positive
pets,pedigree,1.0,0.0,positive
pets,animados,1.0,0.0,positive
pets,vedada,1.0,0.0,positive
pets,dove,1.0,0.0,positive
pets,humanos,0.75,0.25,positive
pets,estética,0.6666666666666666,0.3333333333333333,positive
pets,ecológico,1.0,0.0,positive
pets,drástica,1.0,0.0,positive
pets,aborrecido,1.0,0.0,positive
pets,gulosa,1.0,0.0,positive
pets,sozinho,1.0,0.0,positive
pets,únicos,1.0,0.0,positive
pets,impressionado,1.0,0.0,positive
pets,imediata,0.75,0.25,positive
pets,desesperadas,1.0,0.0,positive
pets,sútil,1.0,0.0,positive
pets,light,1.0,0.0,positive
pets,apropriada,1.0,0.0,positive
pets,descrito,0.8846153846153846,0.1153846153846154,positive
pets,escandalosa,1.0,0.0,positive
pets,labradora,1.0,0.0,positive
pets,absurda,0.6666666666666666,0.3333333333333333,positive
pets,gupi,1.0,0.0,positive
pets,vencida,1.0,0.0,positive
pets,rasgada,0.0,1.0,negative
pets,utilizável,0.5,0.5,negative
pets,faminta,1.0,0.0,positive
pets,mentirosa,0.0,1.0,negative
pets,amarelas,1.0,0.0,positive
pets,urinária,1.0,0.0,positive
pets,perceptíveis,1.0,0.0,positive
pets,compativel,1.0,0.0,positive
pets,convencional,0.0,1.0,negative
pets,cinza,0.6666666666666666,0.3333333333333333,positive
pets,parede,0.6666666666666666,0.3333333333333333,positive
pets,mascou,1.0,0.0,positive
pets,enoooorme,1.0,0.0,positive
pets,arriscado,0.0,1.0,negative
pets,franceses,1.0,0.0,positive
pets,quebrada,0.1666666666666666,0.8333333333333334,negative
pets,aromatizantes,0.0,1.0,negative
pets,internacionais,1.0,0.0,positive
pets,48h,0.6666666666666666,0.3333333333333333,positive
pets,apetitosas,1.0,0.0,positive
pets,fosco,1.0,0.0,positive
pets,comilão,1.0,0.0,positive
pets,infinita,1.0,0.0,positive
pets,apertados,1.0,0.0,positive
pets,similiar,1.0,0.0,positive
pets,frouxo,0.0,1.0,negative
pets,claros,1.0,0.0,positive
pets,alimentado,1.0,0.0,positive
pets,novas,1.0,0.0,positive
pets,profissional,1.0,0.0,positive
pets,traseira,1.0,0.0,positive
pets,deslizante,1.0,0.0,positive
pets,come,0.8764278296988577,0.1235721703011422,positive
pets,marinho,1.0,0.0,positive
pets,nocivo,1.0,0.0,positive
pets,peixe,0.8372093023255814,0.1627906976744186,positive
pets,preventivo,1.0,0.0,positive
pets,juntos,1.0,0.0,positive
pets,pour,1.0,0.0,positive
pets,infestda,1.0,0.0,positive
pets,cheios,1.0,0.0,positive
pets,retrátil,0.0,1.0,negative
pets,provoco,0.0,1.0,negative
pets,ahahaha,0.8,0.2,positive
pets,podre,0.0,1.0,negative
pets,vazia,0.6666666666666666,0.3333333333333333,positive
pets,pungente,1.0,0.0,positive
pets,queitos,1.0,0.0,positive
pets,recorrente,1.0,0.0,positive
pets,pequeninha,1.0,0.0,positive
pets,indiscutível,1.0,0.0,positive
pets,atum,0.6666666666666666,0.3333333333333333,positive
pets,recentes,1.0,0.0,positive
pets,meis,1.0,0.0,positive
pets,incontestáveis,1.0,0.0,positive
pets,alérgicos,1.0,0.0,positive
pets,latinha,1.0,0.0,positive
pets,d’agua,1.0,0.0,positive
pets,antibiótico,1.0,0.0,positive
pets,chow,1.0,0.0,positive
pets,diferencial,1.0,0.0,positive
pets,pessima,0.0,1.0,negative
pets,brnaquinho,1.0,0.0,positive
pets,viciado,1.0,0.0,positive
pets,atenciosos,1.0,0.0,positive
pets,exclusivo,1.0,0.0,positive
pets,kkkkkkk,0.6666666666666666,0.3333333333333333,positive
pets,impecavrl,1.0,0.0,positive
pets,simple,0.8833333333333333,0.1166666666666666,positive
pets,felina,1.0,0.0,positive
pets,montada,0.75,0.25,positive
pets,ameiiii,1.0,0.0,positive
pets,sênior,1.0,0.0,positive
pets,grosseira,1.0,0.0,positive
pets,maciços,1.0,0.0,positive
pets,apreciado,1.0,0.0,positive
pets,privada,1.0,0.0,positive
pets,molenga,0.0,1.0,negative
pets,moida,1.0,0.0,positive
pets,uteis,1.0,0.0,positive
pets,amouuu,1.0,0.0,positive
pets,nutricionais,1.0,0.0,positive
pets,farelento,1.0,0.0,positive
pets,articulares,1.0,0.0,positive
pets,aperitivo,1.0,0.0,positive
pets,molhadas,1.0,0.0,positive
pets,centralizada,1.0,0.0,positive
pets,òtima,1.0,0.0,positive
pets,agressivos,1.0,0.0,positive
pets,vírus,1.0,0.0,positive
pets,gourmet,1.0,0.0,positive
pets,intestinal,1.0,0.0,positive
pets,refrescante,1.0,0.0,positive
pets,reto,0.7714285714285715,0.2285714285714285,positive
pets,mell,1.0,0.0,positive
pets,chocolate,0.4285714285714285,0.5714285714285714,negative
pets,ultil,1.0,0.0,positive
pets,composta,1.0,0.0,positive
pets,parabéns,0.9655172413793104,0.0344827586206896,positive
pets,silenciosas,1.0,0.0,positive
pets,enterrado,1.0,0.0,positive
pets,conceituadas,1.0,0.0,positive
pets,alheios,1.0,0.0,positive
pets,degradado,1.0,0.0,positive
pets,chateada,0.3333333333333333,0.6666666666666666,negative
pets,rasas,0.5,0.5,negative
pets,rasa,0.7142857142857143,0.2857142857142857,positive
pets,laranja,1.0,0.0,positive
pets,notória,1.0,0.0,positive
pets,baixinhas,1.0,0.0,positive
pets,desnutrida,1.0,0.0,positive
pets,bobinha,1.0,0.0,positive
pets,passada,1.0,0.0,positive
pets,sujeira,0.8275862068965517,0.1724137931034483,positive
pets,longos,1.0,0.0,positive
pets,péssimas,0.0,1.0,negative
pets,acolchoada,1.0,0.0,positive
pets,booom,1.0,0.0,positive
pets,oena,1.0,0.0,positive
pets,trandermal,1.0,0.0,positive
pets,antiaderentes,0.0,1.0,negative
pets,apertadinha,1.0,0.0,positive
pets,bela,1.0,0.0,positive
pets,inédito,0.0,1.0,negative
pets,rapidíssima,1.0,0.0,positive
pets,urinário,1.0,0.0,positive
pets,nexgard,0.8333333333333334,0.1666666666666666,positive
pets,infantil,1.0,0.0,positive
pets,criativo,1.0,0.0,positive
pets,dossolviso,0.0,1.0,negative
pets,mordedor,1.0,0.0,positive
pets,agranel,1.0,0.0,positive
pets,àgua,1.0,0.0,positive
pets,corretos,1.0,0.0,positive
pets,violenta,1.0,0.0,positive
pets,bucal,1.0,0.0,positive
pets,adeus,1.0,0.0,positive
pets,justa,0.75,0.25,positive
pets,honesto,1.0,0.0,positive
pets,moletom,1.0,0.0,positive
pets,fisiológicos,1.0,0.0,positive
pets,dentários,1.0,0.0,positive
pets,opaco,1.0,0.0,positive
pets,complicadinho,1.0,0.0,positive
pets,benefcício,1.0,0.0,positive
pets,exterior,1.0,0.0,positive
pets,rasqueadeiras,1.0,0.0,positive
pets,custo-benefício,0.9818181818181818,0.0181818181818181,positive
pets,independente,1.0,0.0,positive
pets,trimestralmente,1.0,0.0,positive
pets,comestível,1.0,0.0,positive
pets,realística,1.0,0.0,positive
pets,quebra,0.4736842105263158,0.5263157894736842,negative
pets,vermifogu,1.0,0.0,positive
pets,incomparáveis,1.0,0.0,positive
pets,oral,1.0,0.0,positive
pets,assustado,1.0,0.0,positive
pets,alucinados,1.0,0.0,positive
pets,irregular,1.0,0.0,positive
pets,shihtzu,1.0,0.0,positive
pets,importantíssima,1.0,0.0,positive
pets,coco,1.0,0.0,positive
pets,cheirosinha,1.0,0.0,positive
pets,rsrsrs,1.0,0.0,positive
pets,frios,1.0,0.0,positive
pets,máximo,0.6666666666666666,0.3333333333333333,positive
pets,atuais,1.0,0.0,positive
pets,intensa,1.0,0.0,positive
pets,apaixonados,1.0,0.0,positive
pets,diversas,0.5,0.5,negative
pets,cachorrinho,0.951219512195122,0.048780487804878,positive
pets,distraída,1.0,0.0,positive
pets,voraz,1.0,0.0,positive
pets,receptiva,1.0,0.0,positive
pets,ornamentais,1.0,0.0,positive
pets,interiores,0.0,1.0,negative
pets,mandão,0.0,1.0,negative
pets,cheirinho,0.9830508474576272,0.0169491525423728,positive
pets,insatisfeita,0.0,1.0,negative
pets,excessivos,1.0,0.0,positive
pets,lkkkk,1.0,0.0,positive
pets,cedosos,1.0,0.0,positive
pets,descoloca,1.0,0.0,positive
pets,indico,0.8163265306122449,0.1836734693877551,positive
pets,natal,1.0,0.0,positive
pets,vagabundo,0.5,0.5,negative
pets,muto,1.0,0.0,positive
pets,principais,1.0,0.0,positive
pets,complementar,1.0,0.0,positive
pets,nacional,1.0,0.0,positive
pets,milagroso,1.0,0.0,positive
pets,firminho,1.0,0.0,positive
pets,avaliar,1.0,0.0,positive
pets,receptivo,1.0,0.0,positive
pets,ficão,1.0,0.0,positive
pets,necessária,0.5,0.5,negative
pets,estomacal,0.0,1.0,negative
pets,bipartida,1.0,0.0,positive
pets,animada,1.0,0.0,positive
pets,existentes,0.0,1.0,negative
pets,baratas,0.3333333333333333,0.6666666666666666,negative
pets,permanente,1.0,0.0,positive
pets,vencidos,0.0,1.0,negative
pets,gateira,0.75,0.25,positive
pets,eficientes,1.0,0.0,positive
pets,atente,1.0,0.0,positive
pets,adesivas,1.0,0.0,positive
pets,quinta,1.0,0.0,positive
pets,afoito,1.0,0.0,positive
pets,espontâneos,1.0,0.0,positive
pets,incorreto,0.0,1.0,negative
pets,inutilizada,1.0,0.0,positive
pets,centavos,1.0,0.0,positive
pets,aprovadíssimo,1.0,0.0,positive
pets,marrom,1.0,0.0,positive
pets,frequentemente,1.0,0.0,positive
pets,embagem,0.0,1.0,negative
pets,mordem,0.6666666666666666,0.3333333333333333,positive
pets,arrochado,1.0,0.0,positive
pets,apertado,1.0,0.0,positive
pets,particular,1.0,0.0,positive
pets,soh,1.0,0.0,positive
pets,danado,0.0,1.0,negative
pets,velha,0.6666666666666666,0.3333333333333333,positive
pets,físico,1.0,0.0,positive
pets,formado,0.8,0.2,positive
pets,tamben,1.0,0.0,positive
pets,baratinha,1.0,0.0,positive
pets,desanimada,1.0,0.0,positive
pets,posterior,1.0,0.0,positive
pets,borrifador,0.2,0.8,negative
pets,padrão,0.5,0.5,negative
pets,beta,1.0,0.0,positive
pets,saboroso,1.0,0.0,positive
pets,fêmea,0.875,0.125,positive
pets,atópica,1.0,0.0,positive
pets,shitsu,1.0,0.0,positive
pets,zero,0.75,0.25,positive
pets,calmos,1.0,0.0,positive
pets,sutil,1.0,0.0,positive
pets,vermelhas,1.0,0.0,positive
pets,traumático,1.0,0.0,positive
pets,cats,1.0,0.0,positive
pets,válido,1.0,0.0,positive
pets,bombril,1.0,0.0,positive
pets,cachorra,0.9215686274509804,0.0784313725490196,positive
pets,cuidado,0.8536585365853658,0.1463414634146341,positive
pets,terapêutica,0.0,1.0,negative
pets,guarda,0.7333333333333333,0.2666666666666666,positive
pets,heeler,1.0,0.0,positive
pets,cansativo,1.0,0.0,positive
pets,nectarívoros,0.0,1.0,negative
pets,notório,1.0,0.0,positive
pets,velhos,1.0,0.0,positive
pets,siberiana,1.0,0.0,positive
pets,velhinha,1.0,0.0,positive
pets,adoram,1.0,0.0,positive
pets,caseira,1.0,0.0,positive
pets,vazias,0.0,1.0,negative
pets,durinhas,1.0,0.0,positive
pets,aberto,0.4705882352941176,0.5294117647058824,negative
pets,espaçosos,1.0,0.0,positive
pets,arredio,1.0,0.0,positive
pets,retida,1.0,0.0,positive
pets,incompleta,0.0,1.0,negative
pets,gato,0.921875,0.078125,positive
pets,necessárias,1.0,0.0,positive
pets,mudo,0.875,0.125,positive
pets,pensada,1.0,0.0,positive
pets,ruins,1.0,0.0,positive
pets,muuuuuuiiiota,1.0,0.0,positive
pets,estiloso,1.0,0.0,positive
pets,charmosa,1.0,0.0,positive
pets,entretida,1.0,0.0,positive
pets,visto,0.9166666666666666,0.0833333333333333,positive
pets,tangível,1.0,0.0,positive
pets,relutante,1.0,0.0,positive
pets,gritante,1.0,0.0,positive
pets,retangular,1.0,0.0,positive
pets,extrema,0.7142857142857143,0.2857142857142857,positive
pets,fidedigno,1.0,0.0,positive
pets,bommm,1.0,0.0,positive
pets,leves,1.0,0.0,positive
pets,ocupado,0.8,0.2,positive
pets,identico,1.0,0.0,positive
pets,descuidado,1.0,0.0,positive
pets,curtinho,1.0,0.0,positive
pets,indesejado,0.0,1.0,negative
pets,muuta,1.0,0.0,positive
pets,flfica,0.0,1.0,negative
pets,ball,1.0,0.0,positive
pets,cremosa,1.0,0.0,positive
pets,minúsculos,1.0,0.0,positive
pets,pena,0.8475177304964538,0.1524822695035461,positive
pets,alimentícia,1.0,0.0,positive
pets,disposto,1.0,0.0,positive
pets,mindinho,0.0,1.0,negative
pets,tênis,1.0,0.0,positive
pets,frouxas,1.0,0.0,positive
pets,sintético,1.0,0.0,positive
pets,espereva,1.0,0.0,positive
pets,cheias,1.0,0.0,positive
pets,coleira,0.7213114754098361,0.2786885245901639,positive
pets,muio,1.0,0.0,positive
pets,usual,0.5,0.5,negative
pets,traseiro,0.5,0.5,negative
pets,cismado,1.0,0.0,positive
pets,básicas,1.0,0.0,positive
pets,expresso,1.0,0.0,positive
pets,tranquilos,1.0,0.0,positive
pets,sofisticado,1.0,0.0,positive
pets,obrigatória,1.0,0.0,positive
pets,visiveis,1.0,0.0,positive
pets,impossíveis,1.0,0.0,positive
pets,tosco,0.0,1.0,negative
pets,persistente,1.0,0.0,positive
pets,yorkie,1.0,0.0,positive
pets,varios,1.0,0.0,positive
pets,gordinhos,1.0,0.0,positive
pets,surpreendentes,1.0,0.0,positive
pets,grosseiro,1.0,0.0,positive
pets,elástico,1.0,0.0,positive
pets,maltês,0.8,0.2,positive
pets,custo-,0.9827586206896552,0.0172413793103448,positive
pets,faso,1.0,0.0,positive
pets,notificava,1.0,0.0,positive
pets,gratificante,0.0,1.0,negative
pets,recheavel,1.0,0.0,positive
pets,repelente,1.0,0.0,positive
pets,chique,1.0,0.0,positive
pets,canino,1.0,0.0,positive
pets,quebrados,0.3333333333333333,0.6666666666666666,negative
pets,estilosas,1.0,0.0,positive
pets,intactas,1.0,0.0,positive
pets,veio,0.6254681647940075,0.3745318352059925,positive
pets,agitado,0.75,0.25,positive
pets,belo,0.6666666666666666,0.3333333333333333,positive
pets,grudento,0.0,1.0,negative
pets,ineficientes,1.0,0.0,positive
pets,clean,1.0,0.0,positive
pets,caríssimo,0.0,1.0,negative
pets,gratuita,1.0,0.0,positive
pets,auto,1.0,0.0,positive
pets,famosinho,1.0,0.0,positive
pets,util,0.8764044943820225,0.1235955056179775,positive
pets,desproporcional,0.5,0.5,negative
pets,poeira,0.25,0.75,negative
pets,assustador,1.0,0.0,positive
pets,lavaveis,1.0,0.0,positive
pets,generoso,1.0,0.0,positive
pets,imperceptível,1.0,0.0,positive
pets,desejável,1.0,0.0,positive
pets,receptivos,1.0,0.0,positive
pets,adesivos,1.0,0.0,positive
pets,aconselhável,1.0,0.0,positive
pets,suscetível,0.0,1.0,negative
pets,surreal,1.0,0.0,positive
pets,paulistinha,1.0,0.0,positive
pets,chatas,1.0,0.0,positive
pets,derrame,1.0,0.0,positive
pets,pouco,0.8964285714285715,0.1035714285714285,positive
pets,laminha,1.0,0.0,positive
pets,estético,1.0,0.0,positive
pets,medidor,1.0,0.0,positive
pets,segurança,1.0,0.0,positive
pets,dálmata,0.6666666666666666,0.3333333333333333,positive
pets,muitooo,0.75,0.25,positive
pets,absoluto,1.0,0.0,positive
pets,barulhenta,1.0,0.0,positive
pets,obesos,1.0,0.0,positive
pets,amável,1.0,0.0,positive
pets,homogêneo,0.0,1.0,negative
pets,premiun,1.0,0.0,positive
pets,fria,1.0,0.0,positive
pets,okay,1.0,0.0,positive
pets,coon,1.0,0.0,positive
pets,absorvencia,0.6666666666666666,0.3333333333333333,positive
pets,engraçado,1.0,0.0,positive
pets,líquidos,1.0,0.0,positive
pets,profundo,1.0,0.0,positive
pets,lisas,0.0,1.0,negative
pets,n.3,1.0,0.0,positive
pets,afeita,1.0,0.0,positive
pets,imcorpada,1.0,0.0,positive
pets,próximas,1.0,0.0,positive
pets,razuavel,1.0,0.0,positive
pets,famosa,1.0,0.0,positive
pets,compacta,1.0,0.0,positive
pets,cachorrinha,0.9191176470588236,0.0808823529411764,positive
pets,magnética,1.0,0.0,positive
pets,flácidas,0.0,1.0,negative
pets,grante,1.0,0.0,positive
pets,humanizada,1.0,0.0,positive
pets,sobressalentes,1.0,0.0,positive
pets,resitentes,1.0,0.0,positive
pets,piora,0.0,1.0,negative
pets,dificílimo,1.0,0.0,positive
pets,convexo,1.0,0.0,positive
pets,gratis,1.0,0.0,positive
pets,locais,0.8571428571428571,0.1428571428571428,positive
pets,lentas,1.0,0.0,positive
pets,sólidas,1.0,0.0,positive
pets,viciante,1.0,0.0,positive
pets,sharpei,1.0,0.0,positive
pets,cordial,1.0,0.0,positive
pets,formiga,0.8035714285714286,0.1964285714285714,positive
pets,bacanudo,1.0,0.0,positive
pets,imprescindível,1.0,0.0,positive
pets,acostumado,0.8571428571428571,0.1428571428571428,positive
pets,arteira,1.0,0.0,positive
pets,ansiosa,1.0,0.0,positive
pets,presvista,1.0,0.0,positive
pets,confortavel,1.0,0.0,positive
pets,fazenda,1.0,0.0,positive
pets,maluco,1.0,0.0,positive
pets,ahahaah,0.0,1.0,negative
pets,inexplicável,1.0,0.0,positive
pets,cuidada,0.0,1.0,negative
pets,hipoalergênica,1.0,0.0,positive
pets,variada,0.6666666666666666,0.3333333333333333,positive
pets,fuçador,1.0,0.0,positive
pets,sensíveis,1.0,0.0,positive
pets,distante,1.0,0.0,positive
pets,limpíssima,1.0,0.0,positive
pets,contra,0.7826086956521741,0.217391304347826,positive
pets,alergico,1.0,0.0,positive
pets,ouro,0.8706896551724138,0.1293103448275862,positive
pets,pintcher,1.0,0.0,positive
pets,avariada,0.0,1.0,negative
pets,interminável,1.0,0.0,positive
pets,espesso,0.5,0.5,negative
pets,indiferente,1.0,0.0,positive
pets,engraçadinhos,1.0,0.0,positive
pets,asperas,0.0,1.0,negative
pets,vendido,0.8571428571428571,0.1428571428571428,positive
pets,robusta,1.0,0.0,positive
pets,benéfico,1.0,0.0,positive
pets,densa,1.0,0.0,positive
pets,clarinho,1.0,0.0,positive
pets,usado,0.8095238095238095,0.1904761904761904,positive
pets,recorrentes,1.0,0.0,positive
pets,significativas,1.0,0.0,positive
pets,funciona,0.7526315789473684,0.2473684210526316,positive
pets,infestado,1.0,0.0,positive
pets,certeiro,1.0,0.0,positive
pets,malucos,1.0,0.0,positive
pets,ralo,0.7142857142857143,0.2857142857142857,positive
pets,grandinhos,1.0,0.0,positive
pets,bonitão,1.0,0.0,positive
pets,hidrante,1.0,0.0,positive
pets,reticente,1.0,0.0,positive
pets,constante,0.4,0.6,negative
pets,magra,1.0,0.0,positive
pets,superbonito,1.0,0.0,positive
pets,sortida,0.4,0.6,negative
pets,ativas,0.981132075471698,0.0188679245283018,positive
pets,cordeiro,1.0,0.0,positive
pets,médica,0.0,1.0,negative
pets,embaladinho,1.0,0.0,positive
pets,realista,1.0,0.0,positive
pets,qualitativa,1.0,0.0,positive
pets,desperdiçado,0.0,1.0,negative
pets,carne,0.8846153846153846,0.1153846153846154,positive
pets,punhado,1.0,0.0,positive
pets,collie,0.875,0.125,positive
pets,adoraaa,1.0,0.0,positive
pets,granulada,0.6666666666666666,0.3333333333333333,positive
pets,medidora,1.0,0.0,positive
pets,repentino,1.0,0.0,positive
pets,presas,0.75,0.25,positive
pets,famintos,1.0,0.0,positive
pets,escondidos,1.0,0.0,positive
pets,toalha,1.0,0.0,positive
pets,consigo,0.8333333333333334,0.1666666666666666,positive
pets,rápia,1.0,0.0,positive
pets,mortas,1.0,0.0,positive
pets,plena,0.0,1.0,negative
pets,pessoais,1.0,0.0,positive
pets,relaxante,1.0,0.0,positive
pets,recheaveis,1.0,0.0,positive
pets,triturados,1.0,0.0,positive
pets,canina,1.0,0.0,positive
pets,lindooooo,1.0,0.0,positive
pets,confiavel,1.0,0.0,positive
pets,tals,1.0,0.0,positive
pets,áspera,1.0,0.0,positive
pets,vira-lata,1.0,0.0,positive
pets,indicado,1.0,0.0,positive
pets,disfarçados,1.0,0.0,positive
pets,loucas,1.0,0.0,positive
pets,originais,1.0,0.0,positive
pets,variado,1.0,0.0,positive
pets,irritado,1.0,0.0,positive
pets,sujinha,1.0,0.0,positive
pets,práticos,1.0,0.0,positive
pets,bonzinho,1.0,0.0,positive
pets,imundo,0.0,1.0,negative
pets,abrasivo,1.0,0.0,positive
pets,mamãe,1.0,0.0,positive
pets,levinho,1.0,0.0,positive
pets,varias,1.0,0.0,positive
pets,abandonado,0.0,1.0,negative
pets,eletrostática,1.0,0.0,positive
pets,anatômico,1.0,0.0,positive
pets,pinga,0.6,0.4,positive
pets,aman,0.8978494623655914,0.1021505376344086,positive
pets,inapetentes,1.0,0.0,positive
pets,desagradáveis,1.0,0.0,positive
pets,portátil,0.0,1.0,negative
pets,humanas,1.0,0.0,positive
pets,condicionado,0.92,0.08,positive
pets,sanitárias,1.0,0.0,positive
pets,anão,1.0,0.0,positive
pets,subjetivo,1.0,0.0,positive
pets,educada,1.0,0.0,positive
pets,incomodada,1.0,0.0,positive
pets,anteriores,1.0,0.0,positive
pets,pfta,1.0,0.0,positive
pets,porca,0.25,0.75,negative
pets,senior,1.0,0.0,positive
pets,atopico,1.0,0.0,positive
pets,compro,0.875,0.125,positive
pets,chitso,1.0,0.0,positive
pets,rentáveis,1.0,0.0,positive
pets,altos,1.0,0.0,positive
pets,o.produto,1.0,0.0,positive
pets,transparentes,1.0,0.0,positive
pets,maps,1.0,0.0,positive
pets,cara,0.9012345679012346,0.0987654320987654,positive
pets,bolada,1.0,0.0,positive
pets,substancial,1.0,0.0,positive
pets,restos,0.0,1.0,negative
pets,referente,1.0,0.0,positive
pets,gigante,1.0,0.0,positive
pets,brincalhona,1.0,0.0,positive
pets,12º,1.0,0.0,positive
pets,chatíssima,1.0,0.0,positive
pets,novinha,1.0,0.0,positive
pets,cheirosas,1.0,0.0,positive
pets,genial,1.0,0.0,positive
pets,dolorido,1.0,0.0,positive
pets,carinhoso,1.0,0.0,positive
pets,curvado,1.0,0.0,positive
pets,destrutivo,1.0,0.0,positive
pets,apto,0.8947368421052632,0.1052631578947368,positive
pets,inteirinhos,1.0,0.0,positive
pets,insuficientes,0.0,1.0,negative
pets,tmb,1.0,0.0,positive
pets,ultrafino,1.0,0.0,positive
pets,alimentar,0.9411764705882352,0.0588235294117647,positive
pets,moles,1.0,0.0,positive
pets,tranquilas,1.0,0.0,positive
pets,branquinha,1.0,0.0,positive
pets,alérgico,1.0,0.0,positive
pets,molinha,1.0,0.0,positive
pets,esfarelado,1.0,0.0,positive
pets,transgenico,1.0,0.0,positive
pets,arisco,1.0,0.0,positive
pets,mínimo,0.5,0.5,negative
pets,preso,0.8333333333333334,0.1666666666666666,positive
pets,chows,1.0,0.0,positive
pets,desmanchado,0.0,1.0,negative
pets,hábil,1.0,0.0,positive
pets,frustrada,0.0,1.0,negative
pets,violado,0.25,0.75,negative
pets,anulado,0.9178082191780822,0.0821917808219178,positive
pets,incompleto,0.0,1.0,negative
pets,veterinário,1.0,0.0,positive
pets,inocente,1.0,0.0,positive
pets,shih-tzu,0.8,0.2,positive
pets,adoraaaaa,1.0,0.0,positive
pets,internas,1.0,0.0,positive
pets,horroroso,0.0,1.0,negative
pets,proporcional,0.5,0.5,negative
pets,visual,0.6666666666666666,0.3333333333333333,positive
pets,pipicat,1.0,0.0,positive
pets,pretas,0.0,1.0,negative
pets,momentânea,1.0,0.0,positive
pets,moderna,0.0,1.0,negative
pets,desconfiado,1.0,0.0,positive
pets,prevista,1.0,0.0,positive
pets,superiores,1.0,0.0,positive
pets,remédios,0.75,0.25,positive
pets,semanal,1.0,0.0,positive
pets,siamês,1.0,0.0,positive
pets,micro,0.8,0.2,positive
pets,kkk.custo,1.0,0.0,positive
pets,fraquinha,1.0,0.0,positive
pets,vitamínicas,1.0,0.0,positive
pets,súper,1.0,0.0,positive
pets,gelado,1.0,0.0,positive
pets,ergonômica,0.0,1.0,negative
pets,aaaama,1.0,0.0,positive
pets,charmoso,1.0,0.0,positive
pets,cheirozin,1.0,0.0,positive
pets,rsrsrsr,1.0,0.0,positive
pets,destruidora,1.0,0.0,positive
pets,arredondada,1.0,0.0,positive
pets,vizinha,0.6,0.4,positive
pets,submersa,1.0,0.0,positive
pets,insegura,0.0,1.0,negative
pets,gatos!minha,1.0,0.0,positive
pets,elegantes,1.0,0.0,positive
pets,decorativo,1.0,0.0,positive
pets,careapatos,1.0,0.0,positive
pets,dos,0.8633879781420765,0.1366120218579235,positive
pets,distintos,1.0,0.0,positive
pets,gosta(meu,1.0,0.0,positive
pets,doidos,1.0,0.0,positive
pets,recompro,1.0,0.0,positive
pets,inadequado,0.0,1.0,negative
pets,estável,1.0,0.0,positive
pets,esroufelizzz,1.0,0.0,positive
pets,katbom,1.0,0.0,positive
pets,condicionador,0.9166666666666666,0.0833333333333333,positive
pets,raça,0.9240506329113924,0.0759493670886076,positive
pets,lotado,1.0,0.0,positive
pets,tchac,1.0,0.0,positive
pets,barulhento,1.0,0.0,positive
pets,usave,1.0,0.0,positive
pets,precisas,1.0,0.0,positive
pets,discretos,1.0,0.0,positive
pets,pipi,1.0,0.0,positive
pets,conhecido,1.0,0.0,positive
pets,umido,0.6666666666666666,0.3333333333333333,positive
pets,labrador,1.0,0.0,positive
pets,profundas,0.0,1.0,negative
pets,bovino,1.0,0.0,positive
pets,pastoso,0.0,1.0,negative
pets,ilustrativa,1.0,0.0,positive
pets,pelos,0.931372549019608,0.0686274509803921,positive
pets,gradezinha,0.5,0.5,negative
pets,estresse,1.0,0.0,positive
pets,more,1.0,0.0,positive
pets,agravel,1.0,0.0,positive
pets,doceiras,1.0,0.0,positive
pets,desepcionada,0.0,1.0,negative
pets,oca,0.8609865470852018,0.1390134529147982,positive
pets,inteiras,1.0,0.0,positive
pets,cuidadosa,0.0,1.0,negative
pets,adaptável,1.0,0.0,positive
pets,estressado,1.0,0.0,positive
pets,gostosinho,1.0,0.0,positive
pets,favorita,1.0,0.0,positive
pets,inteiriça,1.0,0.0,positive
pets,meigo,1.0,0.0,positive
pets,reutilizável,1.0,0.0,positive
pets,ultimas,1.0,0.0,positive
pets,colaterais,1.0,0.0,positive
pets,jelly,1.0,0.0,positive
pets,domestico,1.0,0.0,positive
pets,mansa,1.0,0.0,positive
pets,genade,1.0,0.0,positive
pets,habituados,1.0,0.0,positive
pets,utilizado,0.9166666666666666,0.0833333333333333,positive
pets,esquecido,1.0,0.0,positive
pets,estranha,1.0,0.0,positive
pets,amargo,1.0,0.0,positive
pets,desconfiada,1.0,0.0,positive
pets,deitadinho,1.0,0.0,positive
pets,vibrantes,1.0,0.0,positive
pets,douradouro,1.0,0.0,positive
pets,frajolinha,1.0,0.0,positive
pets,higiênicos,1.0,0.0,positive
pets,alemã,0.9230769230769232,0.0769230769230769,positive
pets,nojento,0.0,1.0,negative
pets,raçoes.otima,1.0,0.0,positive
pets,acondicionado,1.0,0.0,positive
pets,removelo,1.0,0.0,positive
pets,descartavel,1.0,0.0,positive
pets,lúdico,1.0,0.0,positive
pets,culto,1.0,0.0,positive
pets,confuso,1.0,0.0,positive
pets,campeão,1.0,0.0,positive
pets,envolto,1.0,0.0,positive
pets,frequentes,1.0,0.0,positive
pets,recondicionador,1.0,0.0,positive
pets,longas,1.0,0.0,positive
pets,otimos,1.0,0.0,positive
pets,senao,0.5,0.5,negative
pets,fundos,1.0,0.0,positive
pets,magnifico,1.0,0.0,positive
pets,pontual,1.0,0.0,positive
pets,grudenta,0.0,1.0,negative
pets,maciço,1.0,0.0,positive
pets,especificas,1.0,0.0,positive
pets,antigas,1.0,0.0,positive
pets,duraveis,1.0,0.0,positive
pets,pazinha,0.5,0.5,negative
pets,expressivo,0.0,1.0,negative
pets,corporal,1.0,0.0,positive
pets,ansiosos,1.0,0.0,positive
pets,futuras,0.0,1.0,negative
pets,alemães,0.0,1.0,negative
pets,demodecica,1.0,0.0,positive
pets,check-valves,1.0,0.0,positive
pets,estressante,0.5,0.5,negative
pets,ajustável,1.0,0.0,positive
pets,lenta,1.0,0.0,positive
pets,medicamentosas,1.0,0.0,positive
pets,feita,0.9829545454545454,0.0170454545454545,positive
pets,duráveis,1.0,0.0,positive
pets,amarelado,1.0,0.0,positive
pets,perfurante,0.0,1.0,negative
pets,imune,1.0,0.0,positive
